voice,start_tick,duration_ticks,pitch,velocity
melody,0,480,60,88
melody,480,480,62,88
melody,960,480,64,88
melody,1440,480,65,88
melody,1920,480,67,88
melody,2400,480,65,88
melody,2880,480,64,88
melody,3360,480,62,88
melody,3840,480,64,88
melody,4320,480,65,88
melody,4800,480,67,88
melody,5280,480,69,88
melody,5760,480,71,88
melody,6240,480,69,88
melody,6720,480,67,88
melody,7200,480,65,88
melody,7680,480,67,88
melody,8160,480,69,88
melody,8640,480,71,88
melody,9120,480,72,88
melody,9600,480,74,88
melody,10080,480,72,88
melody,10560,480,71,88
melody,11040,480,69,88
melody,11520,480,67,88
melody,12000,480,65,88
melody,12480,480,64,88
melody,12960,480,62,88
melody,13440,480,60,88
melody,13920,480,67,88
melody,14400,480,69,88
melody,14880,480,72,88
bass,0,1920,48,70
bass,1920,1920,53,70
bass,3840,1920,55,70
bass,5760,1920,48,70
bass,7680,1920,45,70
bass,9600,1920,53,70
bass,11520,1920,55,70
bass,13440,1920,48,70
